,areaId,ranking
0,0,"[{'rank': 1, 'score': 4.412219047546387, 'brandId': 25669}]"
1,1,"[{'rank': 1, 'score': 4.400241851806641, 'brandId': 8685}, {'rank': 2, 'score': 4.102105617523193, 'brandId': 2}, {'rank': 3, 'score': 4.064103603363037, 'brandId': 575}, {'rank': 4, 'score': 4.051986217498779, 'brandId': 10}, {'rank': 5, 'score': 4.037415981292725, 'brandId': 1928}, {'rank': 6, 'score': 4.023770332336426, 'brandId': 37710}, {'rank': 7, 'score': 4.023465156555176, 'brandId': 1611}, {'rank': 8, 'score': 4.014087677001953, 'brandId': 3679}, {'rank': 9, 'score': 4.0127034187316895, 'brandId': 1562}, {'rank': 10, 'score': 4.0100908279418945, 'brandId': 11}, {'rank': 11, 'score': 4.010001182556152, 'brandId': 2647}, {'rank': 12, 'score': 4.009121894836426, 'brandId': 3}, {'rank': 13, 'score': 4.0082831382751465, 'brandId': 1794}, {'rank': 14, 'score': 4.0076518058776855, 'brandId': 35681}, {'rank': 15, 'score': 4.007229804992676, 'brandId': 14953}, {'rank': 16, 'score': 4.007145881652832, 'brandId': 67760}, {'rank': 17, 'score': 4.007054805755615, 'brandId': 1275}, {'rank': 18, 'score': 4.007054805755615, 'brandId': 9}, {'rank': 19, 'score': 4.006925582885742, 'brandId': 8}, {'rank': 20, 'score': 4.006892681121826, 'brandId': 2707}, {'rank': 21, 'score': 4.006851673126221, 'brandId': 2309}, {'rank': 22, 'score': 4.006816864013672, 'brandId': 1811}, {'rank': 23, 'score': 4.006747722625732, 'brandId': 3325}, {'rank': 24, 'score': 4.006746292114258, 'brandId': 4}]"
2,2,"[{'rank': 1, 'score': 4.412219047546387, 'brandId': 19}, {'rank': 2, 'score': 4.038358688354492, 'brandId': 12}, {'rank': 3, 'score': 4.011357307434082, 'brandId': 1070}, {'rank': 4, 'score': 4.00661039352417, 'brandId': 21}, {'rank': 5, 'score': 4.006606578826904, 'brandId': 1498}, {'rank': 6, 'score': 4.006606101989746, 'brandId': 1700}, {'rank': 7, 'score': 4.00660514831543, 'brandId': 17}, {'rank': 8, 'score': 4.0066046714782715, 'brandId': 1895}, {'rank': 9, 'score': 4.006604194641113, 'brandId': 20}, {'rank': 10, 'score': 4.0066022872924805, 'brandId': 1747}, {'rank': 11, 'score': 4.006601333618164, 'brandId': 1987}, {'rank': 12, 'score': 4.006600856781006, 'brandId': 1644}, {'rank': 13, 'score': 4.006600856781006, 'brandId': 3124}, {'rank': 14, 'score': 4.006600856781006, 'brandId': 14}, {'rank': 15, 'score': 4.006600379943848, 'brandId': 3392}, {'rank': 16, 'score': 4.006600379943848, 'brandId': 1384}, {'rank': 17, 'score': 4.006600379943848, 'brandId': 1606}, {'rank': 18, 'score': 4.006600379943848, 'brandId': 42260}, {'rank': 19, 'score': 4.006600379943848, 'brandId': 2440}, {'rank': 20, 'score': 4.0065999031066895, 'brandId': 3909}, {'rank': 21, 'score': 4.0065999031066895, 'brandId': 2925}, {'rank': 22, 'score': 4.0065999031066895, 'brandId': 1982}, {'rank': 23, 'score': 4.0065999031066895, 'brandId': 2205}, {'rank': 24, 'score': 4.0065999031066895, 'brandId': 66005}, {'rank': 25, 'score': 4.0065999031066895, 'brandId': 4112}, {'rank': 26, 'score': 4.0065999031066895, 'brandId': 3457}, {'rank': 27, 'score': 4.0065999031066895, 'brandId': 1808}]"
3,3,"[{'rank': 1, 'score': 4.412219047546387, 'brandId': 2602}, {'rank': 2, 'score': 4.009289264678955, 'brandId': 32}, {'rank': 3, 'score': 4.006677150726318, 'brandId': 34}, {'rank': 4, 'score': 4.00666618347168, 'brandId': 58582}, {'rank': 5, 'score': 4.006664276123047, 'brandId': 1350}, {'rank': 6, 'score': 4.006631374359131, 'brandId': 1146}, {'rank': 7, 'score': 4.006617546081543, 'brandId': 28}, {'rank': 8, 'score': 4.006613254547119, 'brandId': 1758}, {'rank': 9, 'score': 4.0066094398498535, 'brandId': 41}, {'rank': 10, 'score': 4.00660514831543, 'brandId': 43}, {'rank': 11, 'score': 4.0066046714782715, 'brandId': 1946}, {'rank': 12, 'score': 4.006604194641113, 'brandId': 2560}, {'rank': 13, 'score': 4.0066022872924805, 'brandId': 1225}, {'rank': 14, 'score': 4.006601810455322, 'brandId': 1662}, {'rank': 15, 'score': 4.006601810455322, 'brandId': 7142}, {'rank': 16, 'score': 4.006601333618164, 'brandId': 1390}, {'rank': 17, 'score': 4.006601333618164, 'brandId': 1542}, {'rank': 18, 'score': 4.006600856781006, 'brandId': 3727}, {'rank': 19, 'score': 4.006600379943848, 'brandId': 1265}, {'rank': 20, 'score': 4.006600379943848, 'brandId': 2621}, {'rank': 21, 'score': 4.006600379943848, 'brandId': 42}, {'rank': 22, 'score': 4.006600379943848, 'brandId': 1134}, {'rank': 23, 'score': 4.006600379943848, 'brandId': 38}, {'rank': 24, 'score': 4.0065999031066895, 'brandId': 27}, {'rank': 25, 'score': 4.0065999031066895, 'brandId': 3186}, {'rank': 26, 'score': 4.0065999031066895, 'brandId': 2947}, {'rank': 27, 'score': 4.0065999031066895, 'brandId': 1466}]"
4,4,"[{'rank': 1, 'score': 4.412219047546387, 'brandId': 58}, {'rank': 2, 'score': 4.081669330596924, 'brandId': 51}, {'rank': 3, 'score': 4.067469596862793, 'brandId': 71}, {'rank': 4, 'score': 4.052548408508301, 'brandId': 63}, {'rank': 5, 'score': 4.05069637298584, 'brandId': 3311}, {'rank': 6, 'score': 4.042278289794922, 'brandId': 1607}, {'rank': 7, 'score': 4.016327857971191, 'brandId': 1247}, {'rank': 8, 'score': 4.014437198638916, 'brandId': 60}, {'rank': 9, 'score': 4.013718128204346, 'brandId': 59}, {'rank': 10, 'score': 4.009863376617432, 'brandId': 49}, {'rank': 11, 'score': 4.00862979888916, 'brandId': 2191}, {'rank': 12, 'score': 4.00754451751709, 'brandId': 1943}, {'rank': 13, 'score': 4.007358074188232, 'brandId': 1386}, {'rank': 14, 'score': 4.0069780349731445, 'brandId': 66}, {'rank': 15, 'score': 4.006964206695557, 'brandId': 2122}, {'rank': 16, 'score': 4.006895542144775, 'brandId': 1929}, {'rank': 17, 'score': 4.006855010986328, 'brandId': 57}, {'rank': 18, 'score': 4.006846904754639, 'brandId': 2854}, {'rank': 19, 'score': 4.006801605224609, 'brandId': 3963}, {'rank': 20, 'score': 4.006793975830078, 'brandId': 3370}, {'rank': 21, 'score': 4.006752014160156, 'brandId': 53}, {'rank': 22, 'score': 4.006689071655273, 'brandId': 61}, {'rank': 23, 'score': 4.006684303283691, 'brandId': 47}, {'rank': 24, 'score': 4.006683349609375, 'brandId': 1293}, {'rank': 25, 'score': 4.006673812866211, 'brandId': 1907}, {'rank': 26, 'score': 4.006669998168945, 'brandId': 62}, {'rank': 27, 'score': 4.006661891937256, 'brandId': 68}, {'rank': 28, 'score': 4.0066447257995605, 'brandId': 1756}, {'rank': 29, 'score': 4.006633758544922, 'brandId': 2378}, {'rank': 30, 'score': 4.006629943847656, 'brandId': 44}, {'rank': 31, 'score': 4.006628036499023, 'brandId': 3593}, {'rank': 32, 'score': 4.006622314453125, 'brandId': 4057}, {'rank': 33, 'score': 4.006610870361328, 'brandId': 46}, {'rank': 34, 'score': 4.0066070556640625, 'brandId': 3893}, {'rank': 35, 'score': 4.0066070556640625, 'brandId': 3775}, {'rank': 36, 'score': 4.00660514831543, 'brandId': 3367}, {'rank': 37, 'score': 4.00660514831543, 'brandId': 70}, {'rank': 38, 'score': 4.00660514831543, 'brandId': 65}, {'rank': 39, 'score': 4.006603240966797, 'brandId': 3851}, {'rank': 40, 'score': 4.006603240966797, 'brandId': 2076}, {'rank': 41, 'score': 4.006603240966797, 'brandId': 64}]"
5,5,"[{'rank': 1, 'score': 4.412219047546387, 'brandId': 109}, {'rank': 2, 'score': 4.015134811401367, 'brandId': 73}, {'rank': 3, 'score': 4.00897741317749, 'brandId': 1100}, {'rank': 4, 'score': 4.007981777191162, 'brandId': 1481}, {'rank': 5, 'score': 4.007315158843994, 'brandId': 114}, {'rank': 6, 'score': 4.006999492645264, 'brandId': 102}, {'rank': 7, 'score': 4.0067315101623535, 'brandId': 92}, {'rank': 8, 'score': 4.006697177886963, 'brandId': 107}, {'rank': 9, 'score': 4.006680488586426, 'brandId': 98}, {'rank': 10, 'score': 4.006679058074951, 'brandId': 100}, {'rank': 11, 'score': 4.006622314453125, 'brandId': 89}, {'rank': 12, 'score': 4.006618499755859, 'brandId': 81}, {'rank': 13, 'score': 4.006614685058594, 'brandId': 78}, {'rank': 14, 'score': 4.006608486175537, 'brandId': 96}, {'rank': 15, 'score': 4.006606578826904, 'brandId': 2346}, {'rank': 16, 'score': 4.006606578826904, 'brandId': 83}, {'rank': 17, 'score': 4.006605625152588, 'brandId': 2683}, {'rank': 18, 'score': 4.0066046714782715, 'brandId': 2240}, {'rank': 19, 'score': 4.006603240966797, 'brandId': 1474}, {'rank': 20, 'score': 4.006603240966797, 'brandId': 50048}, {'rank': 21, 'score': 4.006602764129639, 'brandId': 97}, {'rank': 22, 'score': 4.006601810455322, 'brandId': 101}, {'rank': 23, 'score': 4.006601810455322, 'brandId': 104}, {'rank': 24, 'score': 4.006601333618164, 'brandId': 1365}, {'rank': 25, 'score': 4.006600856781006, 'brandId': 32457}, {'rank': 26, 'score': 4.006600379943848, 'brandId': 106}, {'rank': 27, 'score': 4.006600379943848, 'brandId': 108}, {'rank': 28, 'score': 4.006600379943848, 'brandId': 1617}, {'rank': 29, 'score': 4.006600379943848, 'brandId': 72}, {'rank': 30, 'score': 4.0065999031066895, 'brandId': 77}, {'rank': 31, 'score': 4.0065999031066895, 'brandId': 2215}, {'rank': 32, 'score': 4.0065999031066895, 'brandId': 1452}, {'rank': 33, 'score': 4.0065999031066895, 'brandId': 2724}, {'rank': 34, 'score': 4.0065999031066895, 'brandId': 3786}, {'rank': 35, 'score': 4.0065999031066895, 'brandId': 2601}, {'rank': 36, 'score': 4.0065999031066895, 'brandId': 3407}, {'rank': 37, 'score': 4.0065999031066895, 'brandId': 1801}, {'rank': 38, 'score': 4.0065999031066895, 'brandId': 113}, {'rank': 39, 'score': 4.0065999031066895, 'brandId': 1480}, {'rank': 40, 'score': 4.0065999031066895, 'brandId': 1366}, {'rank': 41, 'score': 4.0065999031066895, 'brandId': 91}, {'rank': 42, 'score': 4.0065999031066895, 'brandId': 3793}, {'rank': 43, 'score': 4.0065999031066895, 'brandId': 79}, {'rank': 44, 'score': 4.0065999031066895, 'brandId': 2002}, {'rank': 45, 'score': 4.0065999031066895, 'brandId': 1882}, {'rank': 46, 'score': 4.0065999031066895, 'brandId': 3002}, {'rank': 47, 'score': 4.0065999031066895, 'brandId': 2791}, {'rank': 48, 'score': 4.0065999031066895, 'brandId': 2493}, {'rank': 49, 'score': 4.0065999031066895, 'brandId': 15}, {'rank': 50, 'score': 4.0065999031066895, 'brandId': 67939}]"
6,6,"[{'rank': 1, 'score': 4.3166728019714355, 'brandId': 144}, {'rank': 2, 'score': 4.030506134033203, 'brandId': 1217}, {'rank': 3, 'score': 4.023149490356445, 'brandId': 156}, {'rank': 4, 'score': 4.009954452514648, 'brandId': 135}, {'rank': 5, 'score': 4.00938081741333, 'brandId': 120}, {'rank': 6, 'score': 4.008386135101318, 'brandId': 121}, {'rank': 7, 'score': 4.0070929527282715, 'brandId': 1219}, {'rank': 8, 'score': 4.006770133972168, 'brandId': 1009}, {'rank': 9, 'score': 4.006747245788574, 'brandId': 149}, {'rank': 10, 'score': 4.006722927093506, 'brandId': 145}, {'rank': 11, 'score': 4.006685733795166, 'brandId': 155}, {'rank': 12, 'score': 4.00667667388916, 'brandId': 6705}, {'rank': 13, 'score': 4.006653308868408, 'brandId': 158}, {'rank': 14, 'score': 4.006648063659668, 'brandId': 171}, {'rank': 15, 'score': 4.006642818450928, 'brandId': 1906}, {'rank': 16, 'score': 4.0066399574279785, 'brandId': 2762}, {'rank': 17, 'score': 4.006637096405029, 'brandId': 119}, {'rank': 18, 'score': 4.006616592407227, 'brandId': 1561}, {'rank': 19, 'score': 4.0066118240356445, 'brandId': 3383}, {'rank': 20, 'score': 4.006609916687012, 'brandId': 162}, {'rank': 21, 'score': 4.0066094398498535, 'brandId': 148}, {'rank': 22, 'score': 4.00660514831543, 'brandId': 8621}, {'rank': 23, 'score': 4.00660514831543, 'brandId': 128}, {'rank': 24, 'score': 4.00660514831543, 'brandId': 140}, {'rank': 25, 'score': 4.0066046714782715, 'brandId': 163}, {'rank': 26, 'score': 4.006604194641113, 'brandId': 131}, {'rank': 27, 'score': 4.006602764129639, 'brandId': 2070}, {'rank': 28, 'score': 4.0066022872924805, 'brandId': 116}, {'rank': 29, 'score': 4.0066022872924805, 'brandId': 1714}, {'rank': 30, 'score': 4.0066022872924805, 'brandId': 159}, {'rank': 31, 'score': 4.006601810455322, 'brandId': 1900}, {'rank': 32, 'score': 4.006601333618164, 'brandId': 137}, {'rank': 33, 'score': 4.006601333618164, 'brandId': 1947}, {'rank': 34, 'score': 4.006601333618164, 'brandId': 124}, {'rank': 35, 'score': 4.006600856781006, 'brandId': 1796}, {'rank': 36, 'score': 4.006600856781006, 'brandId': 6574}, {'rank': 37, 'score': 4.006600379943848, 'brandId': 139}, {'rank': 38, 'score': 4.006600379943848, 'brandId': 168}, {'rank': 39, 'score': 4.006600379943848, 'brandId': 2920}, {'rank': 40, 'score': 4.006600379943848, 'brandId': 7920}, {'rank': 41, 'score': 4.006600379943848, 'brandId': 2081}, {'rank': 42, 'score': 4.006600379943848, 'brandId': 1318}, {'rank': 43, 'score': 4.0065999031066895, 'brandId': 2272}, {'rank': 44, 'score': 4.0065999031066895, 'brandId': 4312}, {'rank': 45, 'score': 4.0065999031066895, 'brandId': 4126}, {'rank': 46, 'score': 4.0065999031066895, 'brandId': 2747}, {'rank': 47, 'score': 4.0065999031066895, 'brandId': 1221}, {'rank': 48, 'score': 4.0065999031066895, 'brandId': 147}, {'rank': 49, 'score': 4.0065999031066895, 'brandId': 138}, {'rank': 50, 'score': 4.0065999031066895, 'brandId': 117}]"
7,7,"[{'rank': 1, 'score': 4.412219047546387, 'brandId': 1616}, {'rank': 2, 'score': 4.0818352699279785, 'brandId': 202}, {'rank': 3, 'score': 4.0311408042907715, 'brandId': 10872}, {'rank': 4, 'score': 4.017688274383545, 'brandId': 1026}, {'rank': 5, 'score': 4.012774467468262, 'brandId': 185}, {'rank': 6, 'score': 4.012632846832275, 'brandId': 1469}, {'rank': 7, 'score': 4.0077223777771, 'brandId': 2401}, {'rank': 8, 'score': 4.007686138153076, 'brandId': 174}, {'rank': 9, 'score': 4.0074005126953125, 'brandId': 1543}, {'rank': 10, 'score': 4.007091045379639, 'brandId': 219}, {'rank': 11, 'score': 4.007073402404785, 'brandId': 188}, {'rank': 12, 'score': 4.006929874420166, 'brandId': 222}, {'rank': 13, 'score': 4.006925106048584, 'brandId': 1688}, {'rank': 14, 'score': 4.006785869598389, 'brandId': 213}, {'rank': 15, 'score': 4.00677490234375, 'brandId': 1139}, {'rank': 16, 'score': 4.006773948669434, 'brandId': 1517}, {'rank': 17, 'score': 4.006769180297852, 'brandId': 1679}, {'rank': 18, 'score': 4.006676197052002, 'brandId': 1324}, {'rank': 19, 'score': 4.006673336029053, 'brandId': 1751}, {'rank': 20, 'score': 4.006661415100098, 'brandId': 1164}, {'rank': 21, 'score': 4.006657600402832, 'brandId': 210}, {'rank': 22, 'score': 4.006645202636719, 'brandId': 194}, {'rank': 23, 'score': 4.006634712219238, 'brandId': 183}, {'rank': 24, 'score': 4.006633281707764, 'brandId': 3788}, {'rank': 25, 'score': 4.006621360778809, 'brandId': 1175}, {'rank': 26, 'score': 4.006617069244385, 'brandId': 221}, {'rank': 27, 'score': 4.006614685058594, 'brandId': 3319}, {'rank': 28, 'score': 4.006613254547119, 'brandId': 191}, {'rank': 29, 'score': 4.006613254547119, 'brandId': 209}, {'rank': 30, 'score': 4.0066118240356445, 'brandId': 1789}, {'rank': 31, 'score': 4.006610870361328, 'brandId': 173}, {'rank': 32, 'score': 4.00661039352417, 'brandId': 1301}, {'rank': 33, 'score': 4.006609916687012, 'brandId': 212}, {'rank': 34, 'score': 4.006608009338379, 'brandId': 1615}, {'rank': 35, 'score': 4.006605625152588, 'brandId': 2263}, {'rank': 36, 'score': 4.0066046714782715, 'brandId': 214}, {'rank': 37, 'score': 4.006603240966797, 'brandId': 1613}, {'rank': 38, 'score': 4.006602764129639, 'brandId': 2501}, {'rank': 39, 'score': 4.006601810455322, 'brandId': 187}, {'rank': 40, 'score': 4.006601810455322, 'brandId': 2665}, {'rank': 41, 'score': 4.006601810455322, 'brandId': 3254}, {'rank': 42, 'score': 4.006601810455322, 'brandId': 2450}, {'rank': 43, 'score': 4.006601810455322, 'brandId': 1090}, {'rank': 44, 'score': 4.006601333618164, 'brandId': 1089}, {'rank': 45, 'score': 4.006601333618164, 'brandId': 224}, {'rank': 46, 'score': 4.006600856781006, 'brandId': 1304}, {'rank': 47, 'score': 4.006600856781006, 'brandId': 2419}, {'rank': 48, 'score': 4.006600856781006, 'brandId': 201}, {'rank': 49, 'score': 4.006600856781006, 'brandId': 208}, {'rank': 50, 'score': 4.006600856781006, 'brandId': 203}]"
8,8,"[{'rank': 1, 'score': 4.315371036529541, 'brandId': 232}, {'rank': 2, 'score': 4.207052707672119, 'brandId': 31938}, {'rank': 3, 'score': 4.057636260986328, 'brandId': 1757}, {'rank': 4, 'score': 4.051036357879639, 'brandId': 1564}, {'rank': 5, 'score': 4.048132419586182, 'brandId': 229}, {'rank': 6, 'score': 4.01590633392334, 'brandId': 2381}, {'rank': 7, 'score': 4.015384674072266, 'brandId': 230}, {'rank': 8, 'score': 4.0110764503479, 'brandId': 1683}, {'rank': 9, 'score': 4.01064920425415, 'brandId': 228}, {'rank': 10, 'score': 4.009981155395508, 'brandId': 2538}, {'rank': 11, 'score': 4.009754657745361, 'brandId': 4439}, {'rank': 12, 'score': 4.009525775909424, 'brandId': 227}, {'rank': 13, 'score': 4.009137153625488, 'brandId': 51338}, {'rank': 14, 'score': 4.0091047286987305, 'brandId': 1441}, {'rank': 15, 'score': 4.00850248336792, 'brandId': 69047}, {'rank': 16, 'score': 4.007473945617676, 'brandId': 225}, {'rank': 17, 'score': 4.007352828979492, 'brandId': 1079}, {'rank': 18, 'score': 4.007255554199219, 'brandId': 7308}, {'rank': 19, 'score': 4.007230758666992, 'brandId': 242}, {'rank': 20, 'score': 4.0070366859436035, 'brandId': 1305}, {'rank': 21, 'score': 4.006976127624512, 'brandId': 1735}, {'rank': 22, 'score': 4.006976127624512, 'brandId': 236}, {'rank': 23, 'score': 4.0068864822387695, 'brandId': 2281}, {'rank': 24, 'score': 4.0068864822387695, 'brandId': 248}, {'rank': 25, 'score': 4.0068864822387695, 'brandId': 241}, {'rank': 26, 'score': 4.006853103637695, 'brandId': 3517}, {'rank': 27, 'score': 4.006792068481445, 'brandId': 2382}, {'rank': 28, 'score': 4.006727695465088, 'brandId': 3621}, {'rank': 29, 'score': 4.006727695465088, 'brandId': 234}]"
9,9,"[{'rank': 1, 'score': 4.352574348449707, 'brandId': 1121}, {'rank': 2, 'score': 4.286449909210205, 'brandId': 258}, {'rank': 3, 'score': 4.007249355316162, 'brandId': 1633}, {'rank': 4, 'score': 4.006749153137207, 'brandId': 253}, {'rank': 5, 'score': 4.006720066070557, 'brandId': 2593}, {'rank': 6, 'score': 4.006702423095703, 'brandId': 3687}, {'rank': 7, 'score': 4.006686687469482, 'brandId': 257}, {'rank': 8, 'score': 4.006629467010498, 'brandId': 259}, {'rank': 9, 'score': 4.006619453430176, 'brandId': 249}, {'rank': 10, 'score': 4.00661039352417, 'brandId': 3373}, {'rank': 11, 'score': 4.006609916687012, 'brandId': 1166}, {'rank': 12, 'score': 4.006608486175537, 'brandId': 1711}, {'rank': 13, 'score': 4.006605625152588, 'brandId': 3446}, {'rank': 14, 'score': 4.006605625152588, 'brandId': 250}, {'rank': 15, 'score': 4.0066046714782715, 'brandId': 254}, {'rank': 16, 'score': 4.006604194641113, 'brandId': 251}, {'rank': 17, 'score': 4.006603240966797, 'brandId': 2581}, {'rank': 18, 'score': 4.006601333618164, 'brandId': 255}, {'rank': 19, 'score': 4.006600856781006, 'brandId': 3463}, {'rank': 20, 'score': 4.006600856781006, 'brandId': 2764}, {'rank': 21, 'score': 4.006600379943848, 'brandId': 1216}, {'rank': 22, 'score': 4.006600379943848, 'brandId': 8725}, {'rank': 23, 'score': 4.0065999031066895, 'brandId': 256}, {'rank': 24, 'score': 4.0065999031066895, 'brandId': 1462}, {'rank': 25, 'score': 4.0065999031066895, 'brandId': 3303}, {'rank': 26, 'score': 4.0065999031066895, 'brandId': 3560}, {'rank': 27, 'score': 4.0065999031066895, 'brandId': 4246}, {'rank': 28, 'score': 4.0065999031066895, 'brandId': 66674}, {'rank': 29, 'score': 4.0065999031066895, 'brandId': 3509}]"
10,10,"[{'rank': 1, 'score': 4.412219047546387, 'brandId': 287}, {'rank': 2, 'score': 4.040219783782959, 'brandId': 272}, {'rank': 3, 'score': 4.030104160308838, 'brandId': 1160}, {'rank': 4, 'score': 4.011864185333252, 'brandId': 15162}, {'rank': 5, 'score': 4.010880470275879, 'brandId': 3704}, {'rank': 6, 'score': 4.009736061096191, 'brandId': 1073}, {'rank': 7, 'score': 4.0097336769104, 'brandId': 1223}, {'rank': 8, 'score': 4.007992267608643, 'brandId': 276}, {'rank': 9, 'score': 4.00751256942749, 'brandId': 270}, {'rank': 10, 'score': 4.007342338562012, 'brandId': 273}, {'rank': 11, 'score': 4.007046699523926, 'brandId': 4247}, {'rank': 12, 'score': 4.006795406341553, 'brandId': 267}, {'rank': 13, 'score': 4.0066914558410645, 'brandId': 268}, {'rank': 14, 'score': 4.006651878356934, 'brandId': 266}, {'rank': 15, 'score': 4.006641864776611, 'brandId': 1893}, {'rank': 16, 'score': 4.006638526916504, 'brandId': 265}, {'rank': 17, 'score': 4.006623268127441, 'brandId': 285}, {'rank': 18, 'score': 4.006623268127441, 'brandId': 3583}, {'rank': 19, 'score': 4.006623268127441, 'brandId': 2190}, {'rank': 20, 'score': 4.006612777709961, 'brandId': 275}, {'rank': 21, 'score': 4.006611347198486, 'brandId': 288}, {'rank': 22, 'score': 4.006611347198486, 'brandId': 282}, {'rank': 23, 'score': 4.00661039352417, 'brandId': 3420}, {'rank': 24, 'score': 4.00660514831543, 'brandId': 283}]"
11,11,"[{'rank': 1, 'score': 4.412219047546387, 'brandId': 1179}, {'rank': 2, 'score': 4.011581897735596, 'brandId': 32118}, {'rank': 3, 'score': 4.010051727294922, 'brandId': 290}, {'rank': 4, 'score': 4.006776332855225, 'brandId': 1565}, {'rank': 5, 'score': 4.006676197052002, 'brandId': 2738}, {'rank': 6, 'score': 4.0066752433776855, 'brandId': 1367}, {'rank': 7, 'score': 4.0066680908203125, 'brandId': 1039}, {'rank': 8, 'score': 4.006652355194092, 'brandId': 1456}, {'rank': 9, 'score': 4.0066328048706055, 'brandId': 2609}, {'rank': 10, 'score': 4.006611347198486, 'brandId': 3185}, {'rank': 11, 'score': 4.006608486175537, 'brandId': 3139}, {'rank': 12, 'score': 4.006608009338379, 'brandId': 291}, {'rank': 13, 'score': 4.0066070556640625, 'brandId': 2656}, {'rank': 14, 'score': 4.006606578826904, 'brandId': 36653}, {'rank': 15, 'score': 4.0066046714782715, 'brandId': 299}, {'rank': 16, 'score': 4.006603240966797, 'brandId': 1162}, {'rank': 17, 'score': 4.006603240966797, 'brandId': 2324}, {'rank': 18, 'score': 4.006602764129639, 'brandId': 295}, {'rank': 19, 'score': 4.006601333618164, 'brandId': 2835}, {'rank': 20, 'score': 4.006601333618164, 'brandId': 294}, {'rank': 21, 'score': 4.006600856781006, 'brandId': 301}, {'rank': 22, 'score': 4.006600856781006, 'brandId': 3272}, {'rank': 23, 'score': 4.006600856781006, 'brandId': 3147}, {'rank': 24, 'score': 4.006600856781006, 'brandId': 2610}, {'rank': 25, 'score': 4.006600856781006, 'brandId': 293}, {'rank': 26, 'score': 4.006600379943848, 'brandId': 28586}, {'rank': 27, 'score': 4.006600379943848, 'brandId': 3285}, {'rank': 28, 'score': 4.006600379943848, 'brandId': 1821}]"
12,12,"[{'rank': 1, 'score': 4.412219047546387, 'brandId': 1349}, {'rank': 2, 'score': 4.016485214233398, 'brandId': 1136}, {'rank': 3, 'score': 4.008971691131592, 'brandId': 312}, {'rank': 4, 'score': 4.006810665130615, 'brandId': 310}, {'rank': 5, 'score': 4.00669527053833, 'brandId': 1326}, {'rank': 6, 'score': 4.006690979003906, 'brandId': 305}, {'rank': 7, 'score': 4.006659030914307, 'brandId': 1573}, {'rank': 8, 'score': 4.006639003753662, 'brandId': 309}, {'rank': 9, 'score': 4.006639003753662, 'brandId': 2770}, {'rank': 10, 'score': 4.006628513336182, 'brandId': 311}, {'rank': 11, 'score': 4.006627082824707, 'brandId': 307}, {'rank': 12, 'score': 4.006617546081543, 'brandId': 1030}, {'rank': 13, 'score': 4.006612777709961, 'brandId': 2779}, {'rank': 14, 'score': 4.006612777709961, 'brandId': 308}, {'rank': 15, 'score': 4.0066118240356445, 'brandId': 3287}, {'rank': 16, 'score': 4.006607532501221, 'brandId': 1692}, {'rank': 17, 'score': 4.006604194641113, 'brandId': 303}, {'rank': 18, 'score': 4.006602764129639, 'brandId': 3037}, {'rank': 19, 'score': 4.006602764129639, 'brandId': 2778}, {'rank': 20, 'score': 4.006601333618164, 'brandId': 2438}, {'rank': 21, 'score': 4.006601333618164, 'brandId': 1212}, {'rank': 22, 'score': 4.006600856781006, 'brandId': 3669}, {'rank': 23, 'score': 4.006600379943848, 'brandId': 1762}]"
13,13,"[{'rank': 1, 'score': 4.243227005004883, 'brandId': 1483}, {'rank': 2, 'score': 4.078289031982422, 'brandId': 320}, {'rank': 3, 'score': 4.014672756195068, 'brandId': 317}, {'rank': 4, 'score': 4.010611534118652, 'brandId': 6558}, {'rank': 5, 'score': 4.00761604309082, 'brandId': 321}, {'rank': 6, 'score': 4.006841659545898, 'brandId': 314}, {'rank': 7, 'score': 4.0067548751831055, 'brandId': 1708}, {'rank': 8, 'score': 4.006744861602783, 'brandId': 27164}, {'rank': 9, 'score': 4.006744861602783, 'brandId': 1255}, {'rank': 10, 'score': 4.006716251373291, 'brandId': 1248}, {'rank': 11, 'score': 4.006678104400635, 'brandId': 14452}, {'rank': 12, 'score': 4.00665807723999, 'brandId': 27560}, {'rank': 13, 'score': 4.006639003753662, 'brandId': 3180}, {'rank': 14, 'score': 4.006639003753662, 'brandId': 3058}]"
14,14,"[{'rank': 1, 'score': 4.412219047546387, 'brandId': 323}, {'rank': 2, 'score': 4.077638626098633, 'brandId': 1022}, {'rank': 3, 'score': 4.064415454864502, 'brandId': 1584}, {'rank': 4, 'score': 4.0436835289001465, 'brandId': 1671}, {'rank': 5, 'score': 4.026225566864014, 'brandId': 324}, {'rank': 6, 'score': 4.022181510925293, 'brandId': 1527}, {'rank': 7, 'score': 4.01723575592041, 'brandId': 1677}, {'rank': 8, 'score': 4.015931129455566, 'brandId': 326}, {'rank': 9, 'score': 4.0139689445495605, 'brandId': 327}, {'rank': 10, 'score': 4.012553691864014, 'brandId': 66397}, {'rank': 11, 'score': 4.008053302764893, 'brandId': 2107}, {'rank': 12, 'score': 4.007900714874268, 'brandId': 1909}, {'rank': 13, 'score': 4.007607936859131, 'brandId': 325}, {'rank': 14, 'score': 4.007481098175049, 'brandId': 39164}, {'rank': 15, 'score': 4.00736665725708, 'brandId': 2424}, {'rank': 16, 'score': 4.0069355964660645, 'brandId': 3417}, {'rank': 17, 'score': 4.0069355964660645, 'brandId': 3386}, {'rank': 18, 'score': 4.006896495819092, 'brandId': 3422}, {'rank': 19, 'score': 4.006749629974365, 'brandId': 2471}]"
15,15,"[{'rank': 1, 'score': 4.350358963012695, 'brandId': 3534}, {'rank': 2, 'score': 4.200381755828857, 'brandId': 380}, {'rank': 3, 'score': 4.1380438804626465, 'brandId': 1754}, {'rank': 4, 'score': 4.105525016784668, 'brandId': 3235}, {'rank': 5, 'score': 4.096496105194092, 'brandId': 431}, {'rank': 6, 'score': 4.074149131774902, 'brandId': 410}, {'rank': 7, 'score': 4.0670647621154785, 'brandId': 344}, {'rank': 8, 'score': 4.035179615020752, 'brandId': 1187}, {'rank': 9, 'score': 4.014369010925293, 'brandId': 442}, {'rank': 10, 'score': 4.013852596282959, 'brandId': 347}, {'rank': 11, 'score': 4.013845920562744, 'brandId': 403}, {'rank': 12, 'score': 4.013687610626221, 'brandId': 41721}, {'rank': 13, 'score': 4.012911319732666, 'brandId': 337}, {'rank': 14, 'score': 4.011040687561035, 'brandId': 335}, {'rank': 15, 'score': 4.009829998016357, 'brandId': 437}, {'rank': 16, 'score': 4.009671211242676, 'brandId': 2954}, {'rank': 17, 'score': 4.008762359619141, 'brandId': 384}, {'rank': 18, 'score': 4.008469104766846, 'brandId': 419}, {'rank': 19, 'score': 4.008077621459961, 'brandId': 425}, {'rank': 20, 'score': 4.007952690124512, 'brandId': 426}, {'rank': 21, 'score': 4.007800102233887, 'brandId': 34324}, {'rank': 22, 'score': 4.007521629333496, 'brandId': 1719}, {'rank': 23, 'score': 4.0073418617248535, 'brandId': 33447}, {'rank': 24, 'score': 4.007315635681152, 'brandId': 345}, {'rank': 25, 'score': 4.007236003875732, 'brandId': 372}, {'rank': 26, 'score': 4.0071892738342285, 'brandId': 2681}, {'rank': 27, 'score': 4.007063388824463, 'brandId': 438}, {'rank': 28, 'score': 4.006967544555664, 'brandId': 3400}, {'rank': 29, 'score': 4.006860256195068, 'brandId': 363}, {'rank': 30, 'score': 4.0068440437316895, 'brandId': 406}, {'rank': 31, 'score': 4.006806373596191, 'brandId': 374}, {'rank': 32, 'score': 4.006768703460693, 'brandId': 7946}, {'rank': 33, 'score': 4.0067596435546875, 'brandId': 433}, {'rank': 34, 'score': 4.00675106048584, 'brandId': 432}, {'rank': 35, 'score': 4.00674295425415, 'brandId': 2500}, {'rank': 36, 'score': 4.006731033325195, 'brandId': 359}, {'rank': 37, 'score': 4.006712436676025, 'brandId': 1567}, {'rank': 38, 'score': 4.006710529327393, 'brandId': 2232}, {'rank': 39, 'score': 4.006679058074951, 'brandId': 2454}, {'rank': 40, 'score': 4.006678581237793, 'brandId': 1755}, {'rank': 41, 'score': 4.006676197052002, 'brandId': 407}, {'rank': 42, 'score': 4.0066728591918945, 'brandId': 1522}, {'rank': 43, 'score': 4.00667142868042, 'brandId': 1150}, {'rank': 44, 'score': 4.006669998168945, 'brandId': 2559}, {'rank': 45, 'score': 4.006665229797363, 'brandId': 340}, {'rank': 46, 'score': 4.006656169891357, 'brandId': 1764}, {'rank': 47, 'score': 4.006651878356934, 'brandId': 399}, {'rank': 48, 'score': 4.006651401519775, 'brandId': 421}, {'rank': 49, 'score': 4.00664758682251, 'brandId': 1156}, {'rank': 50, 'score': 4.0066423416137695, 'brandId': 444}]"
16,16,"[{'rank': 1, 'score': 4.412219047546387, 'brandId': 454}, {'rank': 2, 'score': 4.074052333831787, 'brandId': 1709}, {'rank': 3, 'score': 4.024898529052734, 'brandId': 465}, {'rank': 4, 'score': 4.007905960083008, 'brandId': 3078}, {'rank': 5, 'score': 4.007610321044922, 'brandId': 446}, {'rank': 6, 'score': 4.0072197914123535, 'brandId': 457}, {'rank': 7, 'score': 4.007029056549072, 'brandId': 2165}, {'rank': 8, 'score': 4.00687313079834, 'brandId': 463}, {'rank': 9, 'score': 4.00682258605957, 'brandId': 3174}, {'rank': 10, 'score': 4.006779670715332, 'brandId': 464}, {'rank': 11, 'score': 4.006685256958008, 'brandId': 1802}, {'rank': 12, 'score': 4.006643772125244, 'brandId': 1857}, {'rank': 13, 'score': 4.006636142730713, 'brandId': 459}, {'rank': 14, 'score': 4.006630897521973, 'brandId': 66665}, {'rank': 15, 'score': 4.006626605987549, 'brandId': 460}, {'rank': 16, 'score': 4.006626605987549, 'brandId': 453}, {'rank': 17, 'score': 4.006623268127441, 'brandId': 456}, {'rank': 18, 'score': 4.006621837615967, 'brandId': 450}, {'rank': 19, 'score': 4.006617546081543, 'brandId': 1234}, {'rank': 20, 'score': 4.006609916687012, 'brandId': 452}, {'rank': 21, 'score': 4.006608486175537, 'brandId': 66997}, {'rank': 22, 'score': 4.006608486175537, 'brandId': 449}, {'rank': 23, 'score': 4.006604194641113, 'brandId': 461}]"
17,17,"[{'rank': 1, 'score': 4.290369510650635, 'brandId': 470}, {'rank': 2, 'score': 4.270340919494629, 'brandId': 1041}, {'rank': 3, 'score': 4.160722255706787, 'brandId': 469}, {'rank': 4, 'score': 4.082935810089111, 'brandId': 12119}, {'rank': 5, 'score': 4.0342631340026855, 'brandId': 475}, {'rank': 6, 'score': 4.0218505859375, 'brandId': 473}, {'rank': 7, 'score': 4.018497467041016, 'brandId': 491}, {'rank': 8, 'score': 4.011246204376221, 'brandId': 45805}, {'rank': 9, 'score': 4.008119106292725, 'brandId': 472}, {'rank': 10, 'score': 4.007964611053467, 'brandId': 478}, {'rank': 11, 'score': 4.007734298706055, 'brandId': 490}, {'rank': 12, 'score': 4.0076518058776855, 'brandId': 1586}, {'rank': 13, 'score': 4.007644176483154, 'brandId': 3627}, {'rank': 14, 'score': 4.006977558135986, 'brandId': 468}, {'rank': 15, 'score': 4.006924629211426, 'brandId': 476}, {'rank': 16, 'score': 4.006877899169922, 'brandId': 1967}, {'rank': 17, 'score': 4.006781578063965, 'brandId': 3045}, {'rank': 18, 'score': 4.006768226623535, 'brandId': 480}, {'rank': 19, 'score': 4.0067644119262695, 'brandId': 8607}, {'rank': 20, 'score': 4.006751537322998, 'brandId': 1823}, {'rank': 21, 'score': 4.006735324859619, 'brandId': 493}, {'rank': 22, 'score': 4.006709575653076, 'brandId': 488}, {'rank': 23, 'score': 4.006702423095703, 'brandId': 1952}, {'rank': 24, 'score': 4.006691932678223, 'brandId': 481}, {'rank': 25, 'score': 4.006690502166748, 'brandId': 482}, {'rank': 26, 'score': 4.006682395935059, 'brandId': 479}, {'rank': 27, 'score': 4.006682395935059, 'brandId': 1174}, {'rank': 28, 'score': 4.006669044494629, 'brandId': 1259}, {'rank': 29, 'score': 4.006645679473877, 'brandId': 492}, {'rank': 30, 'score': 4.006636619567871, 'brandId': 4117}, {'rank': 31, 'score': 4.006636619567871, 'brandId': 2533}, {'rank': 32, 'score': 4.00663423538208, 'brandId': 2828}, {'rank': 33, 'score': 4.006620407104492, 'brandId': 2405}, {'rank': 34, 'score': 4.006618022918701, 'brandId': 486}, {'rank': 35, 'score': 4.006613731384277, 'brandId': 477}, {'rank': 36, 'score': 4.006608963012695, 'brandId': 13032}, {'rank': 37, 'score': 4.006608963012695, 'brandId': 3363}, {'rank': 38, 'score': 4.006608963012695, 'brandId': 2119}, {'rank': 39, 'score': 4.006608963012695, 'brandId': 1738}]"
18,18,"[{'rank': 1, 'score': 4.412219047546387, 'brandId': 522}, {'rank': 2, 'score': 4.04585075378418, 'brandId': 1948}, {'rank': 3, 'score': 4.007287979125977, 'brandId': 524}, {'rank': 4, 'score': 4.007157325744629, 'brandId': 523}, {'rank': 5, 'score': 4.006995677947998, 'brandId': 514}, {'rank': 6, 'score': 4.006969928741455, 'brandId': 513}, {'rank': 7, 'score': 4.006836414337158, 'brandId': 506}, {'rank': 8, 'score': 4.006755352020264, 'brandId': 531}, {'rank': 9, 'score': 4.006699085235596, 'brandId': 1910}, {'rank': 10, 'score': 4.006683826446533, 'brandId': 498}, {'rank': 11, 'score': 4.006661891937256, 'brandId': 497}, {'rank': 12, 'score': 4.0066237449646, 'brandId': 519}, {'rank': 13, 'score': 4.006614685058594, 'brandId': 502}, {'rank': 14, 'score': 4.00661039352417, 'brandId': 1071}, {'rank': 15, 'score': 4.0066046714782715, 'brandId': 1944}, {'rank': 16, 'score': 4.006604194641113, 'brandId': 510}, {'rank': 17, 'score': 4.006603717803955, 'brandId': 512}, {'rank': 18, 'score': 4.006603717803955, 'brandId': 3368}, {'rank': 19, 'score': 4.006603240966797, 'brandId': 505}, {'rank': 20, 'score': 4.006602764129639, 'brandId': 517}, {'rank': 21, 'score': 4.0066022872924805, 'brandId': 508}, {'rank': 22, 'score': 4.0066022872924805, 'brandId': 507}, {'rank': 23, 'score': 4.006601810455322, 'brandId': 509}, {'rank': 24, 'score': 4.006600856781006, 'brandId': 2453}, {'rank': 25, 'score': 4.006600379943848, 'brandId': 499}, {'rank': 26, 'score': 4.006600379943848, 'brandId': 495}]"
19,19,"[{'rank': 1, 'score': 4.3625264167785645, 'brandId': 535}, {'rank': 2, 'score': 4.0498809814453125, 'brandId': 1746}, {'rank': 3, 'score': 4.008592128753662, 'brandId': 532}, {'rank': 4, 'score': 4.007538795471191, 'brandId': 533}, {'rank': 5, 'score': 4.0069899559021, 'brandId': 1340}, {'rank': 6, 'score': 4.006636619567871, 'brandId': 2018}, {'rank': 7, 'score': 4.006624221801758, 'brandId': 73888}]"
20,20,"[{'rank': 1, 'score': 4.412219047546387, 'brandId': 3722}, {'rank': 2, 'score': 4.088316917419434, 'brandId': 551}, {'rank': 3, 'score': 4.069726943969727, 'brandId': 555}, {'rank': 4, 'score': 4.023130416870117, 'brandId': 1732}, {'rank': 5, 'score': 4.0153350830078125, 'brandId': 542}, {'rank': 6, 'score': 4.012329578399658, 'brandId': 572}, {'rank': 7, 'score': 4.011668682098389, 'brandId': 1820}, {'rank': 8, 'score': 4.009357929229736, 'brandId': 1035}, {'rank': 9, 'score': 4.0090460777282715, 'brandId': 2391}, {'rank': 10, 'score': 4.008667945861816, 'brandId': 1040}, {'rank': 11, 'score': 4.008419990539551, 'brandId': 1578}, {'rank': 12, 'score': 4.008344650268555, 'brandId': 2158}, {'rank': 13, 'score': 4.008022308349609, 'brandId': 2082}, {'rank': 14, 'score': 4.007754802703857, 'brandId': 537}, {'rank': 15, 'score': 4.007415294647217, 'brandId': 3776}, {'rank': 16, 'score': 4.007335186004639, 'brandId': 1487}, {'rank': 17, 'score': 4.007203102111816, 'brandId': 69954}, {'rank': 18, 'score': 4.00713586807251, 'brandId': 3395}, {'rank': 19, 'score': 4.007013320922852, 'brandId': 3141}, {'rank': 20, 'score': 4.007011890411377, 'brandId': 538}, {'rank': 21, 'score': 4.0070013999938965, 'brandId': 561}, {'rank': 22, 'score': 4.006938934326172, 'brandId': 1784}, {'rank': 23, 'score': 4.006932258605957, 'brandId': 541}, {'rank': 24, 'score': 4.006894588470459, 'brandId': 1588}, {'rank': 25, 'score': 4.0068488121032715, 'brandId': 4283}, {'rank': 26, 'score': 4.006817817687988, 'brandId': 566}, {'rank': 27, 'score': 4.006802082061768, 'brandId': 570}, {'rank': 28, 'score': 4.006768226623535, 'brandId': 560}, {'rank': 29, 'score': 4.0067644119262695, 'brandId': 1822}, {'rank': 30, 'score': 4.006717681884766, 'brandId': 3281}, {'rank': 31, 'score': 4.006698131561279, 'brandId': 2316}, {'rank': 32, 'score': 4.006687641143799, 'brandId': 1815}, {'rank': 33, 'score': 4.006677627563477, 'brandId': 3153}, {'rank': 34, 'score': 4.0066728591918945, 'brandId': 3159}, {'rank': 35, 'score': 4.0066728591918945, 'brandId': 2661}, {'rank': 36, 'score': 4.0066704750061035, 'brandId': 3298}, {'rank': 37, 'score': 4.006669998168945, 'brandId': 2748}, {'rank': 38, 'score': 4.006667137145996, 'brandId': 1256}, {'rank': 39, 'score': 4.006661891937256, 'brandId': 2007}, {'rank': 40, 'score': 4.006658554077148, 'brandId': 59656}, {'rank': 41, 'score': 4.006656646728516, 'brandId': 322}, {'rank': 42, 'score': 4.006651878356934, 'brandId': 559}, {'rank': 43, 'score': 4.006645202636719, 'brandId': 1552}, {'rank': 44, 'score': 4.006640911102295, 'brandId': 544}, {'rank': 45, 'score': 4.006638526916504, 'brandId': 556}, {'rank': 46, 'score': 4.006636142730713, 'brandId': 558}, {'rank': 47, 'score': 4.0066351890563965, 'brandId': 2276}, {'rank': 48, 'score': 4.006630897521973, 'brandId': 2331}, {'rank': 49, 'score': 4.006630897521973, 'brandId': 2330}, {'rank': 50, 'score': 4.006630897521973, 'brandId': 1515}]"
21,21,"[{'rank': 1, 'score': 4.332383155822754, 'brandId': 595}, {'rank': 2, 'score': 4.227294445037842, 'brandId': 589}, {'rank': 3, 'score': 4.187641143798828, 'brandId': 591}, {'rank': 4, 'score': 4.078117370605469, 'brandId': 1698}, {'rank': 5, 'score': 4.063772678375244, 'brandId': 1620}, {'rank': 6, 'score': 4.040392875671387, 'brandId': 49330}, {'rank': 7, 'score': 4.03546142578125, 'brandId': 574}, {'rank': 8, 'score': 4.024943828582764, 'brandId': 2412}, {'rank': 9, 'score': 4.022578716278076, 'brandId': 583}, {'rank': 10, 'score': 4.021082401275635, 'brandId': 4045}, {'rank': 11, 'score': 4.014938831329346, 'brandId': 1337}, {'rank': 12, 'score': 4.014674186706543, 'brandId': 590}, {'rank': 13, 'score': 4.011720657348633, 'brandId': 543}, {'rank': 14, 'score': 4.011670112609863, 'brandId': 598}, {'rank': 15, 'score': 4.010439872741699, 'brandId': 587}, {'rank': 16, 'score': 4.010426044464111, 'brandId': 596}, {'rank': 17, 'score': 4.0103840827941895, 'brandId': 2692}, {'rank': 18, 'score': 4.010128021240234, 'brandId': 2780}, {'rank': 19, 'score': 4.010018348693848, 'brandId': 1344}, {'rank': 20, 'score': 4.0095930099487305, 'brandId': 581}, {'rank': 21, 'score': 4.008939266204834, 'brandId': 576}, {'rank': 22, 'score': 4.008175849914551, 'brandId': 588}, {'rank': 23, 'score': 4.007801532745361, 'brandId': 2573}, {'rank': 24, 'score': 4.007728099822998, 'brandId': 2769}, {'rank': 25, 'score': 4.00770902633667, 'brandId': 577}, {'rank': 26, 'score': 4.007400989532471, 'brandId': 3547}, {'rank': 27, 'score': 4.007305145263672, 'brandId': 2987}, {'rank': 28, 'score': 4.007230281829834, 'brandId': 4116}, {'rank': 29, 'score': 4.007200717926025, 'brandId': 3737}, {'rank': 30, 'score': 4.007077693939209, 'brandId': 2574}, {'rank': 31, 'score': 4.007077693939209, 'brandId': 1731}, {'rank': 32, 'score': 4.007077693939209, 'brandId': 600}, {'rank': 33, 'score': 4.006925582885742, 'brandId': 18590}, {'rank': 34, 'score': 4.006925582885742, 'brandId': 3247}, {'rank': 35, 'score': 4.006842613220215, 'brandId': 3073}, {'rank': 36, 'score': 4.006842613220215, 'brandId': 1539}, {'rank': 37, 'score': 4.006762504577637, 'brandId': 73236}, {'rank': 38, 'score': 4.006762504577637, 'brandId': 73235}, {'rank': 39, 'score': 4.006762504577637, 'brandId': 2502}, {'rank': 40, 'score': 4.006762504577637, 'brandId': 580}]"
22,22,"[{'rank': 1, 'score': 4.412219047546387, 'brandId': 607}, {'rank': 2, 'score': 4.032949447631836, 'brandId': 617}, {'rank': 3, 'score': 4.014636516571045, 'brandId': 608}, {'rank': 4, 'score': 4.013504505157471, 'brandId': 611}, {'rank': 5, 'score': 4.008750915527344, 'brandId': 609}, {'rank': 6, 'score': 4.0086164474487305, 'brandId': 618}, {'rank': 7, 'score': 4.008191108703613, 'brandId': 606}, {'rank': 8, 'score': 4.008087158203125, 'brandId': 1942}, {'rank': 9, 'score': 4.0073323249816895, 'brandId': 615}, {'rank': 10, 'score': 4.006791114807129, 'brandId': 1069}, {'rank': 11, 'score': 4.006743907928467, 'brandId': 2359}, {'rank': 12, 'score': 4.00672721862793, 'brandId': 614}, {'rank': 13, 'score': 4.006706237792969, 'brandId': 1279}, {'rank': 14, 'score': 4.006695747375488, 'brandId': 2066}, {'rank': 15, 'score': 4.006686210632324, 'brandId': 3571}, {'rank': 16, 'score': 4.006674766540527, 'brandId': 1132}, {'rank': 17, 'score': 4.006664276123047, 'brandId': 1781}, {'rank': 18, 'score': 4.006656646728516, 'brandId': 1837}, {'rank': 19, 'score': 4.006649971008301, 'brandId': 1819}, {'rank': 20, 'score': 4.006642818450928, 'brandId': 4039}, {'rank': 21, 'score': 4.006631851196289, 'brandId': 2239}, {'rank': 22, 'score': 4.006628513336182, 'brandId': 3026}, {'rank': 23, 'score': 4.006628513336182, 'brandId': 1544}, {'rank': 24, 'score': 4.006621360778809, 'brandId': 2176}, {'rank': 25, 'score': 4.0066142082214355, 'brandId': 612}, {'rank': 26, 'score': 4.00661039352417, 'brandId': 3911}, {'rank': 27, 'score': 4.0066070556640625, 'brandId': 2464}]"
23,23,"[{'rank': 1, 'score': 4.412219047546387, 'brandId': 626}, {'rank': 2, 'score': 4.0275092124938965, 'brandId': 4195}, {'rank': 3, 'score': 4.011259078979492, 'brandId': 628}, {'rank': 4, 'score': 4.010562419891357, 'brandId': 632}, {'rank': 5, 'score': 4.007066249847412, 'brandId': 3402}, {'rank': 6, 'score': 4.006746768951416, 'brandId': 627}, {'rank': 7, 'score': 4.006746292114258, 'brandId': 1869}, {'rank': 8, 'score': 4.006698131561279, 'brandId': 1889}, {'rank': 9, 'score': 4.00668478012085, 'brandId': 1029}, {'rank': 10, 'score': 4.006651401519775, 'brandId': 46682}, {'rank': 11, 'score': 4.0066399574279785, 'brandId': 639}, {'rank': 12, 'score': 4.00663423538208, 'brandId': 1332}, {'rank': 13, 'score': 4.006627082824707, 'brandId': 37850}, {'rank': 14, 'score': 4.006619930267334, 'brandId': 625}, {'rank': 15, 'score': 4.006616115570068, 'brandId': 3200}, {'rank': 16, 'score': 4.0066118240356445, 'brandId': 636}, {'rank': 17, 'score': 4.0066118240356445, 'brandId': 3353}, {'rank': 18, 'score': 4.006608009338379, 'brandId': 630}, {'rank': 19, 'score': 4.006608009338379, 'brandId': 623}, {'rank': 20, 'score': 4.0066046714782715, 'brandId': 621}, {'rank': 21, 'score': 4.0066022872924805, 'brandId': 3714}, {'rank': 22, 'score': 4.006601810455322, 'brandId': 2539}, {'rank': 23, 'score': 4.006601333618164, 'brandId': 2167}, {'rank': 24, 'score': 4.006600856781006, 'brandId': 3497}, {'rank': 25, 'score': 4.006600856781006, 'brandId': 4028}, {'rank': 26, 'score': 4.006600856781006, 'brandId': 3805}]"
24,24,"[{'rank': 1, 'score': 4.383924961090088, 'brandId': 660}, {'rank': 2, 'score': 4.292106628417969, 'brandId': 1033}, {'rank': 3, 'score': 4.0067667961120605, 'brandId': 643}, {'rank': 4, 'score': 4.006655693054199, 'brandId': 655}, {'rank': 5, 'score': 4.006630897521973, 'brandId': 653}, {'rank': 6, 'score': 4.006626129150391, 'brandId': 652}, {'rank': 7, 'score': 4.006620407104492, 'brandId': 645}, {'rank': 8, 'score': 4.0066070556640625, 'brandId': 664}, {'rank': 9, 'score': 4.006604194641113, 'brandId': 1264}, {'rank': 10, 'score': 4.0066022872924805, 'brandId': 654}, {'rank': 11, 'score': 4.0066022872924805, 'brandId': 2194}, {'rank': 12, 'score': 4.006601810455322, 'brandId': 658}, {'rank': 13, 'score': 4.006601810455322, 'brandId': 9941}, {'rank': 14, 'score': 4.006600856781006, 'brandId': 1208}, {'rank': 15, 'score': 4.006600379943848, 'brandId': 3350}, {'rank': 16, 'score': 4.006600379943848, 'brandId': 648}, {'rank': 17, 'score': 4.006600379943848, 'brandId': 31939}, {'rank': 18, 'score': 4.006600379943848, 'brandId': 667}, {'rank': 19, 'score': 4.006600379943848, 'brandId': 1027}, {'rank': 20, 'score': 4.0065999031066895, 'brandId': 2872}, {'rank': 21, 'score': 4.0065999031066895, 'brandId': 38872}, {'rank': 22, 'score': 4.0065999031066895, 'brandId': 656}, {'rank': 23, 'score': 4.0065999031066895, 'brandId': 1191}, {'rank': 24, 'score': 4.0065999031066895, 'brandId': 640}, {'rank': 25, 'score': 4.0065999031066895, 'brandId': 3154}, {'rank': 26, 'score': 4.0065999031066895, 'brandId': 651}, {'rank': 27, 'score': 4.0065999031066895, 'brandId': 1631}, {'rank': 28, 'score': 4.0065999031066895, 'brandId': 663}, {'rank': 29, 'score': 4.0065999031066895, 'brandId': 2175}, {'rank': 30, 'score': 4.0065999031066895, 'brandId': 642}]"
25,25,"[{'rank': 1, 'score': 4.368083477020264, 'brandId': 668}, {'rank': 2, 'score': 4.309751510620117, 'brandId': 672}, {'rank': 3, 'score': 4.111623287200928, 'brandId': 1155}, {'rank': 4, 'score': 4.036479473114014, 'brandId': 676}, {'rank': 5, 'score': 4.017963886260986, 'brandId': 669}, {'rank': 6, 'score': 4.012771129608154, 'brandId': 680}, {'rank': 7, 'score': 4.0101213455200195, 'brandId': 1328}, {'rank': 8, 'score': 4.0087480545043945, 'brandId': 4050}, {'rank': 9, 'score': 4.0086774826049805, 'brandId': 671}, {'rank': 10, 'score': 4.008358478546143, 'brandId': 3668}, {'rank': 11, 'score': 4.008284091949463, 'brandId': 2732}, {'rank': 12, 'score': 4.007071495056152, 'brandId': 673}, {'rank': 13, 'score': 4.007037162780762, 'brandId': 1294}, {'rank': 14, 'score': 4.007029056549072, 'brandId': 3555}, {'rank': 15, 'score': 4.00700569152832, 'brandId': 3202}, {'rank': 16, 'score': 4.006977081298828, 'brandId': 675}, {'rank': 17, 'score': 4.006927490234375, 'brandId': 3625}, {'rank': 18, 'score': 4.006924629211426, 'brandId': 4831}, {'rank': 19, 'score': 4.006882667541504, 'brandId': 3807}, {'rank': 20, 'score': 4.006882667541504, 'brandId': 1372}, {'rank': 21, 'score': 4.006872653961182, 'brandId': 1537}, {'rank': 22, 'score': 4.006843566894531, 'brandId': 53566}, {'rank': 23, 'score': 4.006843566894531, 'brandId': 2010}, {'rank': 24, 'score': 4.006805419921875, 'brandId': 2813}, {'rank': 25, 'score': 4.006764888763428, 'brandId': 14134}, {'rank': 26, 'score': 4.0067644119262695, 'brandId': 2214}, {'rank': 27, 'score': 4.006735801696777, 'brandId': 2277}, {'rank': 28, 'score': 4.006722927093506, 'brandId': 3453}, {'rank': 29, 'score': 4.006722927093506, 'brandId': 3358}, {'rank': 30, 'score': 4.006722927093506, 'brandId': 682}, {'rank': 31, 'score': 4.006710052490234, 'brandId': 56450}, {'rank': 32, 'score': 4.0066819190979, 'brandId': 3853}, {'rank': 33, 'score': 4.0066819190979, 'brandId': 3666}, {'rank': 34, 'score': 4.0066819190979, 'brandId': 3201}, {'rank': 35, 'score': 4.006654739379883, 'brandId': 73418}, {'rank': 36, 'score': 4.006654739379883, 'brandId': 3896}, {'rank': 37, 'score': 4.006654739379883, 'brandId': 3615}]"
26,26,"[{'rank': 1, 'score': 4.412219047546387, 'brandId': 704}, {'rank': 2, 'score': 4.163090705871582, 'brandId': 696}, {'rank': 3, 'score': 4.069408416748047, 'brandId': 1128}, {'rank': 4, 'score': 4.025904178619385, 'brandId': 1933}, {'rank': 5, 'score': 4.0137176513671875, 'brandId': 707}, {'rank': 6, 'score': 4.013528347015381, 'brandId': 51069}, {'rank': 7, 'score': 4.0126519203186035, 'brandId': 728}, {'rank': 8, 'score': 4.010351657867432, 'brandId': 1766}, {'rank': 9, 'score': 4.00828218460083, 'brandId': 1151}, {'rank': 10, 'score': 4.0077290534973145, 'brandId': 718}, {'rank': 11, 'score': 4.007567405700684, 'brandId': 686}, {'rank': 12, 'score': 4.007400989532471, 'brandId': 694}, {'rank': 13, 'score': 4.007331848144531, 'brandId': 2755}, {'rank': 14, 'score': 4.007010459899902, 'brandId': 2183}, {'rank': 15, 'score': 4.006884574890137, 'brandId': 699}, {'rank': 16, 'score': 4.006857395172119, 'brandId': 744}, {'rank': 17, 'score': 4.006826400756836, 'brandId': 727}, {'rank': 18, 'score': 4.006823539733887, 'brandId': 737}, {'rank': 19, 'score': 4.006795883178711, 'brandId': 731}, {'rank': 20, 'score': 4.006774425506592, 'brandId': 64670}, {'rank': 21, 'score': 4.0067572593688965, 'brandId': 2057}, {'rank': 22, 'score': 4.006746292114258, 'brandId': 717}, {'rank': 23, 'score': 4.006714344024658, 'brandId': 709}, {'rank': 24, 'score': 4.006698131561279, 'brandId': 719}, {'rank': 25, 'score': 4.0066819190979, 'brandId': 742}, {'rank': 26, 'score': 4.0066728591918945, 'brandId': 3507}, {'rank': 27, 'score': 4.006666660308838, 'brandId': 703}, {'rank': 28, 'score': 4.006665229797363, 'brandId': 3204}, {'rank': 29, 'score': 4.006661415100098, 'brandId': 3817}, {'rank': 30, 'score': 4.006661415100098, 'brandId': 3744}, {'rank': 31, 'score': 4.006661415100098, 'brandId': 720}, {'rank': 32, 'score': 4.006649017333984, 'brandId': 701}, {'rank': 33, 'score': 4.006640911102295, 'brandId': 711}, {'rank': 34, 'score': 4.006636619567871, 'brandId': 683}, {'rank': 35, 'score': 4.006636142730713, 'brandId': 3150}, {'rank': 36, 'score': 4.006624221801758, 'brandId': 53060}, {'rank': 37, 'score': 4.006624221801758, 'brandId': 2441}, {'rank': 38, 'score': 4.006624221801758, 'brandId': 3280}, {'rank': 39, 'score': 4.006620407104492, 'brandId': 3081}, {'rank': 40, 'score': 4.006618022918701, 'brandId': 1109}, {'rank': 41, 'score': 4.006616115570068, 'brandId': 3895}, {'rank': 42, 'score': 4.0066118240356445, 'brandId': 1917}, {'rank': 43, 'score': 4.0066118240356445, 'brandId': 1597}, {'rank': 44, 'score': 4.0066118240356445, 'brandId': 3328}, {'rank': 45, 'score': 4.006608009338379, 'brandId': 2009}, {'rank': 46, 'score': 4.006608009338379, 'brandId': 705}]"
27,27,"[{'rank': 1, 'score': 4.412219047546387, 'brandId': 752}, {'rank': 2, 'score': 4.016000747680664, 'brandId': 1682}, {'rank': 3, 'score': 4.015452861785889, 'brandId': 2223}, {'rank': 4, 'score': 4.00837516784668, 'brandId': 2091}, {'rank': 5, 'score': 4.0069732666015625, 'brandId': 3410}, {'rank': 6, 'score': 4.0068488121032715, 'brandId': 2676}, {'rank': 7, 'score': 4.006789684295654, 'brandId': 44077}, {'rank': 8, 'score': 4.006726264953613, 'brandId': 1236}, {'rank': 9, 'score': 4.00668478012085, 'brandId': 1740}]"
28,28,"[{'rank': 1, 'score': 4.174277305603027, 'brandId': 760}, {'rank': 2, 'score': 4.154233932495117, 'brandId': 764}, {'rank': 3, 'score': 4.1159563064575195, 'brandId': 783}, {'rank': 4, 'score': 4.07598352432251, 'brandId': 769}, {'rank': 5, 'score': 4.072294235229492, 'brandId': 1681}, {'rank': 6, 'score': 4.037585258483887, 'brandId': 1989}, {'rank': 7, 'score': 4.027667999267578, 'brandId': 1583}, {'rank': 8, 'score': 4.019802093505859, 'brandId': 759}, {'rank': 9, 'score': 4.016566276550293, 'brandId': 1444}, {'rank': 10, 'score': 4.0165300369262695, 'brandId': 774}, {'rank': 11, 'score': 4.015457630157471, 'brandId': 2155}, {'rank': 12, 'score': 4.011808395385742, 'brandId': 755}, {'rank': 13, 'score': 4.010982990264893, 'brandId': 765}, {'rank': 14, 'score': 4.010650157928467, 'brandId': 1226}, {'rank': 15, 'score': 4.00980281829834, 'brandId': 766}, {'rank': 16, 'score': 4.009639263153076, 'brandId': 3991}, {'rank': 17, 'score': 4.008701324462891, 'brandId': 2008}, {'rank': 18, 'score': 4.008673667907715, 'brandId': 2071}, {'rank': 19, 'score': 4.00849723815918, 'brandId': 762}, {'rank': 20, 'score': 4.008155345916748, 'brandId': 1626}, {'rank': 21, 'score': 4.008031845092773, 'brandId': 2025}, {'rank': 22, 'score': 4.007968902587891, 'brandId': 771}, {'rank': 23, 'score': 4.007919788360596, 'brandId': 2807}, {'rank': 24, 'score': 4.0078959465026855, 'brandId': 772}, {'rank': 25, 'score': 4.007837772369385, 'brandId': 1926}, {'rank': 26, 'score': 4.0077595710754395, 'brandId': 1851}, {'rank': 27, 'score': 4.007695198059082, 'brandId': 756}, {'rank': 28, 'score': 4.007650375366211, 'brandId': 768}, {'rank': 29, 'score': 4.007636547088623, 'brandId': 2455}, {'rank': 30, 'score': 4.007469177246094, 'brandId': 2140}, {'rank': 31, 'score': 4.0073771476745605, 'brandId': 2104}, {'rank': 32, 'score': 4.007091522216797, 'brandId': 4070}, {'rank': 33, 'score': 4.00705623626709, 'brandId': 3008}, {'rank': 34, 'score': 4.00705623626709, 'brandId': 767}, {'rank': 35, 'score': 4.0070343017578125, 'brandId': 3292}, {'rank': 36, 'score': 4.007012367248535, 'brandId': 3048}, {'rank': 37, 'score': 4.007012367248535, 'brandId': 2103}, {'rank': 38, 'score': 4.006998062133789, 'brandId': 2504}, {'rank': 39, 'score': 4.006950378417969, 'brandId': 2879}, {'rank': 40, 'score': 4.006931781768799, 'brandId': 1846}, {'rank': 41, 'score': 4.006929397583008, 'brandId': 1062}, {'rank': 42, 'score': 4.006900310516357, 'brandId': 2521}, {'rank': 43, 'score': 4.006900310516357, 'brandId': 3820}, {'rank': 44, 'score': 4.006894588470459, 'brandId': 2679}, {'rank': 45, 'score': 4.00679874420166, 'brandId': 4277}, {'rank': 46, 'score': 4.006796360015869, 'brandId': 2363}, {'rank': 47, 'score': 4.006767749786377, 'brandId': 1765}, {'rank': 48, 'score': 4.006750106811523, 'brandId': 3111}, {'rank': 49, 'score': 4.006750106811523, 'brandId': 2112}, {'rank': 50, 'score': 4.006750106811523, 'brandId': 2086}]"
29,29,"[{'rank': 1, 'score': 4.412219047546387, 'brandId': 792}, {'rank': 2, 'score': 4.018665313720703, 'brandId': 3242}, {'rank': 3, 'score': 4.009881973266602, 'brandId': 1101}, {'rank': 4, 'score': 4.009233474731445, 'brandId': 811}, {'rank': 5, 'score': 4.007054328918457, 'brandId': 793}, {'rank': 6, 'score': 4.006685256958008, 'brandId': 807}, {'rank': 7, 'score': 4.006672382354736, 'brandId': 809}, {'rank': 8, 'score': 4.006615161895752, 'brandId': 1513}, {'rank': 9, 'score': 4.006612300872803, 'brandId': 1443}, {'rank': 10, 'score': 4.00660514831543, 'brandId': 1963}, {'rank': 11, 'score': 4.0066046714782715, 'brandId': 789}, {'rank': 12, 'score': 4.006603717803955, 'brandId': 1464}, {'rank': 13, 'score': 4.006603717803955, 'brandId': 801}, {'rank': 14, 'score': 4.006603240966797, 'brandId': 805}, {'rank': 15, 'score': 4.006602764129639, 'brandId': 806}, {'rank': 16, 'score': 4.0066022872924805, 'brandId': 2674}, {'rank': 17, 'score': 4.006600856781006, 'brandId': 1881}, {'rank': 18, 'score': 4.006600856781006, 'brandId': 7994}, {'rank': 19, 'score': 4.006600856781006, 'brandId': 14995}, {'rank': 20, 'score': 4.006600379943848, 'brandId': 3601}, {'rank': 21, 'score': 4.006600379943848, 'brandId': 3462}, {'rank': 22, 'score': 4.006600379943848, 'brandId': 797}, {'rank': 23, 'score': 4.006600379943848, 'brandId': 2120}, {'rank': 24, 'score': 4.0065999031066895, 'brandId': 3098}, {'rank': 25, 'score': 4.0065999031066895, 'brandId': 2912}, {'rank': 26, 'score': 4.0065999031066895, 'brandId': 1927}, {'rank': 27, 'score': 4.0065999031066895, 'brandId': 790}, {'rank': 28, 'score': 4.0065999031066895, 'brandId': 4111}, {'rank': 29, 'score': 4.0065999031066895, 'brandId': 3194}, {'rank': 30, 'score': 4.0065999031066895, 'brandId': 796}, {'rank': 31, 'score': 4.0065999031066895, 'brandId': 788}, {'rank': 32, 'score': 4.0065999031066895, 'brandId': 1721}, {'rank': 33, 'score': 4.0065999031066895, 'brandId': 785}, {'rank': 34, 'score': 4.0065999031066895, 'brandId': 2283}]"
30,30,"[{'rank': 1, 'score': 4.412219047546387, 'brandId': 819}, {'rank': 2, 'score': 4.009749889373779, 'brandId': 830}, {'rank': 3, 'score': 4.006643772125244, 'brandId': 1799}, {'rank': 4, 'score': 4.006633758544922, 'brandId': 2067}, {'rank': 5, 'score': 4.006626129150391, 'brandId': 1717}, {'rank': 6, 'score': 4.006624698638916, 'brandId': 2532}, {'rank': 7, 'score': 4.006621837615967, 'brandId': 1949}, {'rank': 8, 'score': 4.006619453430176, 'brandId': 815}, {'rank': 9, 'score': 4.006601333618164, 'brandId': 813}, {'rank': 10, 'score': 4.006601333618164, 'brandId': 812}, {'rank': 11, 'score': 4.006600856781006, 'brandId': 814}, {'rank': 12, 'score': 4.006600379943848, 'brandId': 3970}, {'rank': 13, 'score': 4.006600379943848, 'brandId': 3913}, {'rank': 14, 'score': 4.006600379943848, 'brandId': 3696}, {'rank': 15, 'score': 4.006600379943848, 'brandId': 3667}]"
31,31,"[{'rank': 1, 'score': 4.2130513191223145, 'brandId': 834}, {'rank': 2, 'score': 4.155838489532471, 'brandId': 837}, {'rank': 3, 'score': 4.098050594329834, 'brandId': 835}, {'rank': 4, 'score': 4.049507141113281, 'brandId': 838}, {'rank': 5, 'score': 4.012850761413574, 'brandId': 836}, {'rank': 6, 'score': 4.011277198791504, 'brandId': 839}, {'rank': 7, 'score': 4.009315013885498, 'brandId': 2921}, {'rank': 8, 'score': 4.00877571105957, 'brandId': 1959}, {'rank': 9, 'score': 4.007922172546387, 'brandId': 2825}, {'rank': 10, 'score': 4.007742881774902, 'brandId': 2904}, {'rank': 11, 'score': 4.007181167602539, 'brandId': 3327}, {'rank': 12, 'score': 4.007040023803711, 'brandId': 833}]"
32,32,"[{'rank': 1, 'score': 4.352503299713135, 'brandId': 1426}, {'rank': 2, 'score': 4.0501532554626465, 'brandId': 848}, {'rank': 3, 'score': 4.018856525421143, 'brandId': 844}, {'rank': 4, 'score': 4.0188398361206055, 'brandId': 2077}, {'rank': 5, 'score': 4.014185428619385, 'brandId': 1047}, {'rank': 6, 'score': 4.008638381958008, 'brandId': 1489}, {'rank': 7, 'score': 4.007816791534424, 'brandId': 841}, {'rank': 8, 'score': 4.007762432098389, 'brandId': 846}, {'rank': 9, 'score': 4.007685661315918, 'brandId': 58195}, {'rank': 10, 'score': 4.007617473602295, 'brandId': 840}, {'rank': 11, 'score': 4.007493019104004, 'brandId': 1911}, {'rank': 12, 'score': 4.007312297821045, 'brandId': 1628}, {'rank': 13, 'score': 4.007293224334717, 'brandId': 1488}, {'rank': 14, 'score': 4.007205963134766, 'brandId': 3338}, {'rank': 15, 'score': 4.006901264190674, 'brandId': 3222}, {'rank': 16, 'score': 4.006894588470459, 'brandId': 1400}, {'rank': 17, 'score': 4.006786823272705, 'brandId': 3411}, {'rank': 18, 'score': 4.006786823272705, 'brandId': 1930}, {'rank': 19, 'score': 4.0067291259765625, 'brandId': 2282}, {'rank': 20, 'score': 4.00669002532959, 'brandId': 1856}, {'rank': 21, 'score': 4.00669002532959, 'brandId': 1282}, {'rank': 22, 'score': 4.006677627563477, 'brandId': 845}, {'rank': 23, 'score': 4.006639003753662, 'brandId': 1061}, {'rank': 24, 'score': 4.006634712219238, 'brandId': 17557}, {'rank': 25, 'score': 4.00663423538208, 'brandId': 2943}, {'rank': 26, 'score': 4.006626129150391, 'brandId': 843}, {'rank': 27, 'score': 4.006625652313232, 'brandId': 3480}, {'rank': 28, 'score': 4.006625652313232, 'brandId': 3476}]"
33,33,"[{'rank': 1, 'score': 4.286977767944336, 'brandId': 862}, {'rank': 2, 'score': 4.201751232147217, 'brandId': 1956}, {'rank': 3, 'score': 4.106029510498047, 'brandId': 853}, {'rank': 4, 'score': 4.102993965148926, 'brandId': 2566}, {'rank': 5, 'score': 4.06140661239624, 'brandId': 3545}, {'rank': 6, 'score': 4.051145076751709, 'brandId': 859}, {'rank': 7, 'score': 4.041202545166016, 'brandId': 2180}, {'rank': 8, 'score': 4.0395331382751465, 'brandId': 4173}, {'rank': 9, 'score': 4.030533790588379, 'brandId': 1193}, {'rank': 10, 'score': 4.02892541885376, 'brandId': 854}, {'rank': 11, 'score': 4.017719745635986, 'brandId': 852}, {'rank': 12, 'score': 4.017645359039307, 'brandId': 2400}, {'rank': 13, 'score': 4.016327857971191, 'brandId': 858}, {'rank': 14, 'score': 4.015223979949951, 'brandId': 1495}, {'rank': 15, 'score': 4.011505126953125, 'brandId': 1763}, {'rank': 16, 'score': 4.011505126953125, 'brandId': 849}, {'rank': 17, 'score': 4.009481430053711, 'brandId': 2913}, {'rank': 18, 'score': 4.009481430053711, 'brandId': 1458}, {'rank': 19, 'score': 4.008236408233643, 'brandId': 3304}, {'rank': 20, 'score': 4.008068561553955, 'brandId': 19797}, {'rank': 21, 'score': 4.008068561553955, 'brandId': 2545}, {'rank': 22, 'score': 4.007334232330322, 'brandId': 32832}, {'rank': 23, 'score': 4.007334232330322, 'brandId': 2880}]"
34,34,"[{'rank': 1, 'score': 4.412219047546387, 'brandId': 871}, {'rank': 2, 'score': 4.0353498458862305, 'brandId': 877}, {'rank': 3, 'score': 4.0173468589782715, 'brandId': 872}, {'rank': 4, 'score': 4.0163726806640625, 'brandId': 1482}, {'rank': 5, 'score': 4.012551784515381, 'brandId': 1021}, {'rank': 6, 'score': 4.0114569664001465, 'brandId': 880}, {'rank': 7, 'score': 4.011241912841797, 'brandId': 869}, {'rank': 8, 'score': 4.009950637817383, 'brandId': 874}, {'rank': 9, 'score': 4.008743762969971, 'brandId': 867}, {'rank': 10, 'score': 4.00839376449585, 'brandId': 875}, {'rank': 11, 'score': 4.008070945739746, 'brandId': 863}, {'rank': 12, 'score': 4.00745964050293, 'brandId': 1131}, {'rank': 13, 'score': 4.007237911224365, 'brandId': 873}, {'rank': 14, 'score': 4.006983280181885, 'brandId': 876}, {'rank': 15, 'score': 4.006911277770996, 'brandId': 865}, {'rank': 16, 'score': 4.006878852844238, 'brandId': 1812}, {'rank': 17, 'score': 4.00685977935791, 'brandId': 879}, {'rank': 18, 'score': 4.006804466247559, 'brandId': 1921}, {'rank': 19, 'score': 4.006802082061768, 'brandId': 1281}, {'rank': 20, 'score': 4.006763935089111, 'brandId': 866}, {'rank': 21, 'score': 4.006746292114258, 'brandId': 3255}, {'rank': 22, 'score': 4.006741046905518, 'brandId': 3320}, {'rank': 23, 'score': 4.006706237792969, 'brandId': 1585}, {'rank': 24, 'score': 4.006688594818115, 'brandId': 864}, {'rank': 25, 'score': 4.006646633148193, 'brandId': 1953}, {'rank': 26, 'score': 4.006641387939453, 'brandId': 4033}, {'rank': 27, 'score': 4.00663948059082, 'brandId': 2686}, {'rank': 28, 'score': 4.006635665893555, 'brandId': 1313}, {'rank': 29, 'score': 4.006631374359131, 'brandId': 1360}, {'rank': 30, 'score': 4.0066237449646, 'brandId': 61442}, {'rank': 31, 'score': 4.0066237449646, 'brandId': 1034}, {'rank': 32, 'score': 4.0066237449646, 'brandId': 3431}, {'rank': 33, 'score': 4.0066237449646, 'brandId': 2796}, {'rank': 34, 'score': 4.006619930267334, 'brandId': 2114}, {'rank': 35, 'score': 4.006619453430176, 'brandId': 4055}, {'rank': 36, 'score': 4.0066118240356445, 'brandId': 3784}, {'rank': 37, 'score': 4.0066118240356445, 'brandId': 3757}, {'rank': 38, 'score': 4.0066118240356445, 'brandId': 3657}, {'rank': 39, 'score': 4.006607532501221, 'brandId': 73692}, {'rank': 40, 'score': 4.006607532501221, 'brandId': 3406}, {'rank': 41, 'score': 4.006607532501221, 'brandId': 2723}, {'rank': 42, 'score': 4.006607532501221, 'brandId': 2685}]"
35,35,"[{'rank': 1, 'score': 4.412219047546387, 'brandId': 887}, {'rank': 2, 'score': 4.073712348937988, 'brandId': 884}, {'rank': 3, 'score': 4.031139850616455, 'brandId': 30227}, {'rank': 4, 'score': 4.021596908569336, 'brandId': 881}, {'rank': 5, 'score': 4.019129753112793, 'brandId': 885}, {'rank': 6, 'score': 4.01110315322876, 'brandId': 3581}, {'rank': 7, 'score': 4.00952672958374, 'brandId': 4132}, {'rank': 8, 'score': 4.008181095123291, 'brandId': 1020}, {'rank': 9, 'score': 4.006724834442139, 'brandId': 53486}, {'rank': 10, 'score': 4.006688594818115, 'brandId': 1619}, {'rank': 11, 'score': 4.006671905517578, 'brandId': 2294}, {'rank': 12, 'score': 4.006626605987549, 'brandId': 6839}, {'rank': 13, 'score': 4.0066237449646, 'brandId': 883}, {'rank': 14, 'score': 4.006613254547119, 'brandId': 1974}, {'rank': 15, 'score': 4.006608009338379, 'brandId': 889}, {'rank': 16, 'score': 4.006608009338379, 'brandId': 1239}, {'rank': 17, 'score': 4.0066046714782715, 'brandId': 1122}, {'rank': 18, 'score': 4.006603717803955, 'brandId': 882}, {'rank': 19, 'score': 4.006601810455322, 'brandId': 2795}, {'rank': 20, 'score': 4.006600379943848, 'brandId': 1668}]"
36,36,"[{'rank': 1, 'score': 4.412219047546387, 'brandId': 896}, {'rank': 2, 'score': 4.025527477264404, 'brandId': 890}, {'rank': 3, 'score': 4.011143684387207, 'brandId': 1710}, {'rank': 4, 'score': 4.011014938354492, 'brandId': 892}, {'rank': 5, 'score': 4.006908416748047, 'brandId': 894}, {'rank': 6, 'score': 4.006753921508789, 'brandId': 73693}, {'rank': 7, 'score': 4.006753921508789, 'brandId': 2642}]"
37,37,"[{'rank': 1, 'score': 4.381726264953613, 'brandId': 901}, {'rank': 2, 'score': 4.0173020362854, 'brandId': 899}, {'rank': 3, 'score': 4.016430377960205, 'brandId': 1965}, {'rank': 4, 'score': 4.00803279876709, 'brandId': 70449}, {'rank': 5, 'score': 4.006943225860596, 'brandId': 3579}, {'rank': 6, 'score': 4.006648063659668, 'brandId': 2473}]"
38,38,"[{'rank': 1, 'score': 4.412219047546387, 'brandId': 914}, {'rank': 2, 'score': 4.033444404602051, 'brandId': 906}, {'rank': 3, 'score': 4.016849517822266, 'brandId': 917}, {'rank': 4, 'score': 4.014206886291504, 'brandId': 1729}, {'rank': 6, 'score': 4.0110650062561035, 'brandId': 929}, {'rank': 7, 'score': 4.008727073669434, 'brandId': 1088}, {'rank': 8, 'score': 4.008727073669434, 'brandId': 915}, {'rank': 9, 'score': 4.008638381958008, 'brandId': 916}, {'rank': 10, 'score': 4.0086236000061035, 'brandId': 923}, {'rank': 11, 'score': 4.008242607116699, 'brandId': 926}, {'rank': 12, 'score': 4.008195400238037, 'brandId': 902}, {'rank': 13, 'score': 4.007695198059082, 'brandId': 2235}, {'rank': 14, 'score': 4.007695198059082, 'brandId': 2005}, {'rank': 15, 'score': 4.007536888122559, 'brandId': 925}, {'rank': 16, 'score': 4.007278919219971, 'brandId': 1486}, {'rank': 17, 'score': 4.007278919219971, 'brandId': 911}, {'rank': 18, 'score': 4.007013320922852, 'brandId': 2060}, {'rank': 19, 'score': 4.006877899169922, 'brandId': 905}]"
39,39,"[{'rank': 1, 'score': 4.370420932769775, 'brandId': 933}, {'rank': 2, 'score': 4.111724376678467, 'brandId': 932}, {'rank': 3, 'score': 4.018718242645264, 'brandId': 945}, {'rank': 4, 'score': 4.012425422668457, 'brandId': 935}, {'rank': 5, 'score': 4.0106024742126465, 'brandId': 931}, {'rank': 6, 'score': 4.010430812835693, 'brandId': 1283}, {'rank': 7, 'score': 4.009052753448486, 'brandId': 1003}, {'rank': 8, 'score': 4.008755683898926, 'brandId': 934}, {'rank': 9, 'score': 4.008473873138428, 'brandId': 936}, {'rank': 10, 'score': 4.007747650146484, 'brandId': 940}, {'rank': 11, 'score': 4.007354736328125, 'brandId': 3498}, {'rank': 12, 'score': 4.007103443145752, 'brandId': 938}, {'rank': 13, 'score': 4.006760120391846, 'brandId': 1750}, {'rank': 14, 'score': 4.006655216217041, 'brandId': 944}, {'rank': 15, 'score': 4.006619930267334, 'brandId': 3552}, {'rank': 16, 'score': 4.006619930267334, 'brandId': 941}, {'rank': 17, 'score': 4.006609916687012, 'brandId': 2132}, {'rank': 18, 'score': 4.006605625152588, 'brandId': 3590}, {'rank': 19, 'score': 4.006605625152588, 'brandId': 2577}, {'rank': 20, 'score': 4.006603717803955, 'brandId': 73237}, {'rank': 21, 'score': 4.006603717803955, 'brandId': 3307}]"
40,40,"[{'rank': 1, 'score': 4.412219047546387, 'brandId': 1253}, {'rank': 2, 'score': 4.045197486877441, 'brandId': 960}, {'rank': 3, 'score': 4.041062355041504, 'brandId': 1447}, {'rank': 4, 'score': 4.029933452606201, 'brandId': 954}, {'rank': 5, 'score': 4.01530122756958, 'brandId': 964}, {'rank': 6, 'score': 4.010345458984375, 'brandId': 1534}, {'rank': 7, 'score': 4.009045124053955, 'brandId': 1975}, {'rank': 8, 'score': 4.0074052810668945, 'brandId': 953}, {'rank': 9, 'score': 4.007340908050537, 'brandId': 948}, {'rank': 10, 'score': 4.007275581359863, 'brandId': 1363}, {'rank': 11, 'score': 4.0072221755981445, 'brandId': 1941}, {'rank': 12, 'score': 4.007199764251709, 'brandId': 963}, {'rank': 13, 'score': 4.007053852081299, 'brandId': 1453}, {'rank': 14, 'score': 4.007009506225586, 'brandId': 2125}, {'rank': 15, 'score': 4.006986141204834, 'brandId': 959}, {'rank': 16, 'score': 4.006864547729492, 'brandId': 958}, {'rank': 17, 'score': 4.006833076477051, 'brandId': 1123}, {'rank': 18, 'score': 4.006775856018066, 'brandId': 957}, {'rank': 19, 'score': 4.006772518157959, 'brandId': 956}, {'rank': 20, 'score': 4.006772518157959, 'brandId': 946}, {'rank': 21, 'score': 4.006747245788574, 'brandId': 54567}, {'rank': 22, 'score': 4.006718158721924, 'brandId': 952}, {'rank': 23, 'score': 4.006718158721924, 'brandId': 951}, {'rank': 24, 'score': 4.006688594818115, 'brandId': 3523}, {'rank': 25, 'score': 4.006678581237793, 'brandId': 69509}, {'rank': 26, 'score': 4.006678581237793, 'brandId': 1261}, {'rank': 27, 'score': 4.006659030914307, 'brandId': 3040}, {'rank': 28, 'score': 4.006658554077148, 'brandId': 3182}, {'rank': 29, 'score': 4.006658554077148, 'brandId': 1872}, {'rank': 30, 'score': 4.006644248962402, 'brandId': 1691}, {'rank': 31, 'score': 4.00663948059082, 'brandId': 46410}, {'rank': 32, 'score': 4.006639003753662, 'brandId': 3616}, {'rank': 33, 'score': 4.006619453430176, 'brandId': 17847}, {'rank': 34, 'score': 4.006619453430176, 'brandId': 3424}, {'rank': 35, 'score': 4.006619453430176, 'brandId': 3385}, {'rank': 36, 'score': 4.006619453430176, 'brandId': 2766}, {'rank': 37, 'score': 4.006619453430176, 'brandId': 1637}, {'rank': 38, 'score': 4.006619453430176, 'brandId': 1260}]"
41,41,"[{'rank': 1, 'score': 4.412219047546387, 'brandId': 975}, {'rank': 2, 'score': 4.117198467254639, 'brandId': 19567}, {'rank': 3, 'score': 4.011235237121582, 'brandId': 968}, {'rank': 4, 'score': 4.0074782371521, 'brandId': 970}, {'rank': 5, 'score': 4.00723934173584, 'brandId': 973}, {'rank': 6, 'score': 4.006664276123047, 'brandId': 966}, {'rank': 7, 'score': 4.006648063659668, 'brandId': 1335}, {'rank': 8, 'score': 4.00663423538208, 'brandId': 974}, {'rank': 9, 'score': 4.006627559661865, 'brandId': 2860}, {'rank': 10, 'score': 4.006607532501221, 'brandId': 2069}, {'rank': 11, 'score': 4.006606578826904, 'brandId': 3090}, {'rank': 12, 'score': 4.006606101989746, 'brandId': 1430}, {'rank': 13, 'score': 4.006606101989746, 'brandId': 1768}, {'rank': 14, 'score': 4.006602764129639, 'brandId': 1479}, {'rank': 15, 'score': 4.0066022872924805, 'brandId': 3751}, {'rank': 16, 'score': 4.006600856781006, 'brandId': 2513}, {'rank': 17, 'score': 4.006600856781006, 'brandId': 1566}, {'rank': 18, 'score': 4.006600379943848, 'brandId': 1602}, {'rank': 19, 'score': 4.006600379943848, 'brandId': 972}, {'rank': 20, 'score': 4.0065999031066895, 'brandId': 3267}, {'rank': 21, 'score': 4.0065999031066895, 'brandId': 2024}, {'rank': 22, 'score': 4.0065999031066895, 'brandId': 2804}]"
42,42,"[{'rank': 1, 'score': 4.412219047546387, 'brandId': 42112}, {'rank': 2, 'score': 4.204366683959961, 'brandId': 43968}, {'rank': 3, 'score': 4.021301746368408, 'brandId': 1524}, {'rank': 4, 'score': 4.014420986175537, 'brandId': 3567}, {'rank': 5, 'score': 4.00819206237793, 'brandId': 981}, {'rank': 6, 'score': 4.006825923919678, 'brandId': 2386}, {'rank': 7, 'score': 4.006685256958008, 'brandId': 43969}, {'rank': 8, 'score': 4.006657123565674, 'brandId': 2207}]"
43,43,"[{'rank': 1, 'score': 4.412219047546387, 'brandId': 45799}, {'rank': 2, 'score': 4.02549934387207, 'brandId': 3597}, {'rank': 3, 'score': 4.008142948150635, 'brandId': 986}, {'rank': 4, 'score': 4.007465839385986, 'brandId': 984}, {'rank': 5, 'score': 4.006817817687988, 'brandId': 4390}, {'rank': 6, 'score': 4.006814479827881, 'brandId': 985}, {'rank': 7, 'score': 4.006749629974365, 'brandId': 2613}, {'rank': 8, 'score': 4.006719589233398, 'brandId': 2605}, {'rank': 9, 'score': 4.0066728591918945, 'brandId': 2257}, {'rank': 10, 'score': 4.006636142730713, 'brandId': 3809}, {'rank': 11, 'score': 4.006636142730713, 'brandId': 3093}]"
44,44,"[{'rank': 1, 'score': 4.412219047546387, 'brandId': 1127}, {'rank': 2, 'score': 4.021596431732178, 'brandId': 1000}, {'rank': 3, 'score': 4.01312780380249, 'brandId': 994}, {'rank': 4, 'score': 4.011516094207764, 'brandId': 997}, {'rank': 5, 'score': 4.0096282958984375, 'brandId': 996}, {'rank': 6, 'score': 4.007287979125977, 'brandId': 17000}, {'rank': 7, 'score': 4.007242202758789, 'brandId': 998}, {'rank': 8, 'score': 4.006947040557861, 'brandId': 999}, {'rank': 9, 'score': 4.006858825683594, 'brandId': 1713}, {'rank': 10, 'score': 4.006773471832275, 'brandId': 3543}, {'rank': 11, 'score': 4.006773471832275, 'brandId': 995}]"
45,45,"[{'rank': 1, 'score': 4.412219047546387, 'brandId': 1001}, {'rank': 2, 'score': 4.044699192047119, 'brandId': 3486}]"
46,46,"[{'rank': 1, 'score': 4.412219047546387, 'brandId': 27502}, {'rank': 2, 'score': 4.008503437042236, 'brandId': 1002}]"
47,47,"[{'rank': 1, 'score': 4.412219047546387, 'brandId': 1066}]"
